Indicator,Next
-2833979.15784899,17
-2056079.2067569,-141
-984650.116233627,66
-2509604.24099311,47
279030.583126323,91
4427021.90465614,-78
-4338930.85119809,-15
387511.023127695,4
-2774591.53552632,170
8748461.9667206,-149
-1488971.95131814,206
2616261.96901487,-30
-5756692.96818841,49
8870818.26338253,111
12526041.0657494,-49
1771910.42240914,-93
-10296644.7553332,6
-14775497.9281582,13
-916412.950939452,12
3939049.4183988,-5
-558935.669746431,-56
-2589194.73510473,-65
-3138177.50155121,-93
-3144705.74003058,4
515661.057723962,-63
-378328.78295762,-57
1394828.42999173,24
-762456.643532406,254
8608908.12902493,-59
2667775.01386308,-134
1077978.07049764,119
-2753570.87348162,31
-325228.227689385,-33
-750461.835293331,-158
-5735436.50483106,34
-1044460.4901529,32
719766.726075791,-34
2792279.81271954,-41
-717740.010830371,-10
198548.514808803,-4
1422354.90936736,83
6270729.70661654,164
6734177.86480632,-154
1893405.40076331,74
2109910.21073689,-3
-9040201.95708702,-25
-4282245.59383703,-6
-6072299.46316249,9
2004408.91516974,-175
-2921839.92963058,-3
-630193.831261973,4
1154132.26608957,83
4687354.02289088,69
911435.312168839,-67
-2636517.72227697,-34
-3406516.37034732,-5
-1199672.52364986,-46
2075047.03611637,195
14750870.6693763,-44
-25595.6345983849,21
1705657.46776494,58
-9254976.38588577,49
803445.80981386,115
2347797.36231662,29
14091177.7386287,224
6047441.92976116,-47
-1612894.72869306,-41
-18949839.7389338,18
-5844437.90934402,-31
-6248358.92257035,-196
-2441542.29112699,78
-953507.727666787,-82
783735.815369731,-9
3609271.90275512,-191
-9824910.33846761,201
8730631.09708506,-191
-1276136.09992388,-48
-2253943.09812621,-117
-12424923.7376461,-595
-24586721.511386,-104
17357838.7775205,-446
3450418.08870282,392
28846825.4416445,275
7615795.31508581,-145
3230001.50586255,-22
-2747742.91479262,-24
-13986160.6392939,116
4033389.91339831,68
3256755.94087188,76
12529200.6512114,72
-3280552.83298609,71
603634.244531528,47
-14984358.6112712,-23
-2454219.95770427,-251
-10648633.2850481,146
4542727.82146221,2
5856601.52746669,-7
7695950.51840258,30
-2748320.33452626,-305
-18412188.5453303,-115
-4424709.10977765,108
4590574.34476822,-22
13067889.5215924,15
5007114.90587744,-204
-8390632.53675394,-407
-19708499.8360893,-20
-13532398.9163175,49
11244266.3230811,-17
12117872.3438769,-43
17906710.8512576,-194
-19507109.2257993,-379
-15095407.524545,447
-9637849.02174323,331
30771602.909569,4
28679824.0210668,135
9818724.33596885,-85
-16508645.0809839,-83
-11089977.0693013,219
-2809872.76868472,106
2513457.44323488,-146
2296008.97613309,80
-1304334.30407039,233
6630647.13959735,-88
1218898.48284878,103
2959105.09316948,-165
-14553442.4373078,71
5787047.63349254,182
-1494974.38756542,-90
4758002.67248928,-288
-8230723.68479231,51
-5256492.69671459,131
4073739.10967502,102
7386286.298594,112
7414418.13736828,-41
-6246393.16529853,-88
-6137019.20518851,-117
-12121089.6225566,92
1922084.20428425,89
3809348.12136944,-96
8405425.35685699,-140
-4360579.13060395,60
-147309.249073354,51
-310619.423621375,43
7630147.66954465,-154
-4188584.99408486,-59
-4652163.2953167,-111
-4410178.65491112,241
22256607.3251632,-149
1691848.08266128,223
5734880.31236455,129
-5587674.62526988,49
6671804.57819762,-36
-1136559.67562302,39
-9505814.89617379,39
-2293409.24679025,-135
-7882534.17934332,7
-1938792.8726302,-52
-5045244.18610956,-92
5255143.79291984,228
5692354.41272296,-154
-2118382.4648822,21
-6357657.08594104,-196
-3925473.06987904,35
4897662.08281138,-104
1409520.51783468,-286
-15618322.9182525,61
-216542.745015811,47
5184200.32786282,-174
10344322.2345423,261
11913617.5483593,-52
-3911112.60320539,-180
-5178081.07893142,50
-11998482.6736694,-333
-11796927.2086127,281
9942672.06968062,38
782180.24747048,42
16420457.1605585,-197
-3077531.51489676,49
-4312340.27464122,-195
-3421381.09912333,160
2024162.38845635,-222
-3266729.18506975,194
-761428.519108313,152
9144648.717367,-69
3573242.77779981,63
2999596.29781151,-95
-12234321.5359298,59
3723856.99608693,-63
2445014.41069188,126
2645568.60811427,192
5575810.98708919,24
-4298903.99481619,117
7651286.55993198,-239
-12849258.91316,-219
-10157002.0085485,-385
-33183313.2583775,223
18127814.0602579,-18
14294805.9938439,129
33964080.8470764,174
-11433663.1794841,23
-1556197.26722885,-30
-8612455.69107447,204
10603548.4295344,-129
-2498603.32708039,-45
-1427145.05708814,129
-7558982.73023004,210
5060560.54317645,6
4316715.71272118,-167
-5767119.75137934,23
-3488150.34429375,-74
-7260408.44789888,-180
-3513283.25068873,-253
-5178090.62644283,159
-1847020.66208773,139
10610140.9985925,31
10424464.4524459,-43
6196429.02887253,-77
-11553515.7468204,103
-3710208.66480719,20
1996784.41887237,13
14834759.1070769,-19
-1289503.33566005,32
-4794509.5709267,5
-4199221.15600702,102
2744505.88014791,-18
1780305.47525742,45
-4528816.5197304,35
1276961.60916994,-81
1100264.36967888,49
7971795.87151489,-62
-8495059.72980054,-23
-545797.018339956,75
-4053240.17656334,-207
-5312841.54310466,133
2537573.69168772,-159
-8792743.43177156,59
12041329.094612,-89
-6549989.19020111,-45
2696974.82745405,-45
-6514183.45666943,121
5629163.87714059,-215
-2420919.29503029,6
291551.357628205,-18
-4768175.79425446,210
10047729.9948505,33
4393169.12137931,-43
2717795.20541735,-124
-5699476.03229349,169
474728.242103666,19
4795354.75186031,-75
1752914.59834316,220
8074644.30580877,-100
-6670142.60729857,42
904754.511092686,-86
-10416131.0061547,-16
3698936.60455716,15
-3163143.64308435,-85
-531095.276226265,86
830498.35192411,-61
1065809.90983688,116
5285178.29240562,48
1331644.20059846,107
3338392.11439581,-45
-3017422.22571654,33
-3628885.35126659,88
574190.364939022,-18
-2872609.94975352,-69
423167.999343236,43
-3688485.5328157,52
4777805.70453791,-85
-44324.6087489583,90
1112882.17394692,42
4708565.90628729,195
11818183.6559026,-26
5204978.20540181,-155
-14785836.360216,-41
-11506731.8127292,91
252187.042247639,14
9928926.03555588,-115
-6429792.23479895,65
-4813713.70760858,34
-1806442.58263851,-190
-1514169.13585409,-111
-15168311.466969,86
-3033158.85906922,68
10978730.7910432,94
21504921.9414039,-133
2158732.48392054,237
2188573.30233785,-228
-13475655.8814903,77
-319461.401917808,-23
-13644589.0182279,174
21057389.4868681,534
24678593.618993,-190
7875120.8593512,532
-761522.383672449,-193
-25224409.1302314,-76
-3358803.14192842,86
-14029222.4239849,9
3177626.86544424,-28
11485082.3338097,101
4180415.87145517,36
-1896414.69273057,-93
-11133685.7322766,-38
-7285456.34184132,32
32767.5744303639,82
6628744.3071745,179
16322431.2269318,134
2466679.14876447,-115
-4784515.63715342,-118
-15465976.438683,126
-1376584.92523159,-26
3191372.46017147,-67
-1175775.24388319,58
2487330.71709637,-23
-485504.492432248,-161
-5716669.80829122,-28
-4941675.44938621,-59
-5693334.94699366,93
11116545.3358174,126
11487984.1742565,94
6886254.13400551,125
9152543.79096513,-126
-21309962.6817782,-160
-4098022.12417445,204
-7285140.83368152,-22
9935507.83813248,-16
2284845.69052108,27
-1883609.17287793,21
4322624.08987031,-81
-1861593.62359728,-29
-4003481.46259101,-150
-5621494.95331631,7
1071789.74810477,131
6215355.85221721,36
4951648.72843995,-37
-227838.83033232,-33
-5023268.09896412,7
-371513.470551454,73
1519775.61186538,11
2007856.45603692,-49
-2425798.71824322,48
-50390.8033697278,19
7070010.75336928,60
10193785.2328281,-244
-10440765.5227832,54
-10170874.0057858,-43
-11524844.5108962,92
11505476.5340441,-22
3468331.59874257,-68
2747812.85850928,43
-214004.733574402,-179
-7936408.39178031,145
1460507.51593414,-85
-4392080.74951077,2
5942497.23397054,76
-888246.670574428,-36
4026772.3678806,61
1839324.84706602,-43
-4516801.25452876,19
-146246.944814208,51
3592001.54245991,1
2835007.17708593,77
-2929304.66583434,-91
-9608014.56926452,-181
-8274432.06034717,-6
-154444.108906835,-115
901863.504297704,-69
2636758.17307987,-89
-2516135.18212475,-61
2238809.75285612,220
12422048.3532291,-83
3020051.51015259,19
1159263.42612818,142
-6075022.63754742,48
1228866.965811,-47
-233985.766659092,75
4645587.88006386,61
-137289.768506573,-208
-6102744.98489999,114
-4110028.69926282,-17
-681850.522513098,-45
3865726.82933146,-54
-2881800.47545325,36
3150352.59367873,28
3429995.83699041,-18
2247060.67326249,-83
-7056982.67323211,35
-2533328.5513136,-74
-3082980.41256784,47
5180821.55242441,38
4250800.25385611,64
5432439.09110811,-6
-552789.873190127,20
-2097391.92701585,-39
-2103978.58137953,-41
-1875911.5055686,-158
-5468333.04735549,21
-1575926.86176485,-139
-1543008.90428426,42
8313016.01038285,51
554553.890842885,-39
3394404.59590979,62
-2008257.9523608,18
5593413.98091497,33
382806.728627744,48
-310976.220753513,-91
-5511851.52998099,58
43067.8097299588,3
-61641.9866282078,-30
93676.6314135789,48
3264372.71612528,-48
-2149414.32110748,-9
1274524.36768796,-31
-7490453.89834368,33
3996770.08544162,-46
-2050871.97943043,-15
3599412.0202841,437
26805873.4133435,-67
-4006337.38148663,255
2404306.2239675,112
-25247710.5608124,-225
4336160.34947315,43
-3151651.59077996,-10
-6334871.23936444,-49
-1849215.59844998,5
-3278423.38063061,-69
1358362.10103421,-84
-515371.549558218,47
5410217.51006244,129
4455177.7776889,2
5106472.19880667,-130
-1013637.31250142,247
7440658.71860761,-54
-295415.447704188,97
4275289.83058118,-39
-12373440.2675052,18
-3682673.62060384,-70
-5932026.57908485,-14
-1191810.73707172,-60
-1179542.45544006,60
2376409.0838311,-48
3563046.4857743,-20
2484986.95879741,105
1301337.62977954,-60
1421673.42844046,1
2055672.11216758,36
106940.684884064,-95
-5240300.57358731,84
-494411.684880304,-71
-3877451.88735418,16
1741282.23619116,32
-1856803.41021952,-39
762965.708179055,13
1517011.09375702,-7
695356.452932109,-14
-422561.627554431,-81
-4678880.48405169,-3
-1040095.33549456,-41
-391035.902012187,55
5638528.12276236,-33
385707.350356312,75
7061669.99454709,31
-467278.650717968,52
1978435.36242311,-3
-4303556.73969891,44
736879.232119511,41
402464.302087876,60
3824783.30920383,61
251094.114020017,-50
-3489692.54400159,-15
-7913842.79003721,63
-864639.295368717,325
20681939.5488906,198
9895674.2925664,-256
-7033354.17306526,26
-19473732.6046178,19
-5125307.15543545,6
6495921.12949515,1
1865428.3259551,146
2614757.81036796,160
8903903.89848144,-129
958232.964164664,27
-2648520.93008477,-34
-12651412.9379636,-65
1026591.1236193,28
-2298343.82200899,40
6196961.91942814,-68
-4198768.27456574,-28
69052.8959855918,9
-3483649.81530443,43
1156378.29584369,39
1712164.39121653,88
28793614.0710326,129
-3243547.03454461,208
5531467.11977608,-27
-44007371.279785,-129
-13872001.1020178,-84
-3582513.64542345,185
21214065.8567811,-178
13277758.1534104,-22
-3185691.18206904,89
-3544087.36376652,-103
2773575.10103287,-68
-2933292.72225644,11
-5357338.42077329,0
-3074065.0571468,3
3560668.06090122,6
3570690.86471025,17
5701050.98743295,-47
109235.944092392,10
-408727.792304978,47
101072.681934279,84
896539.866000525,134
8378465.89147829,33
538491.18197373,52
-703181.364487528,-70
-7041395.75172944,26
-139636.051492752,5
-401258.370623608,-60
-1814660.47067735,-220
-12403704.360086,-154
-18798435.8180256,81
1509360.27514475,-18
9323894.33642455,10
17718951.8129138,26
-799044.487221838,71
3212571.26210799,-89
805925.540809969,16
342975.931369385,-210
-11445157.8191226,7
167906.057983,-85
-5591240.59843552,16
9659895.22462765,130
2767936.46582332,-32
5844230.45964557,-69
-6809576.89305358,-81
-8951457.16932599,-141
-11664442.9833681,109
9965934.62743744,50
7641978.30324886,-12
11376130.0035642,-38
-4916404.83440234,-118
-5055247.1730304,5
-3420931.24554441,-70
-2830380.02486001,176
4752443.21926461,16
6869169.46916701,134
7599136.49977191,-20
-2115118.43000287,5
-2953172.90431612,-32
-5398925.51267599,-57
-1307622.88175067,-67
-14084448.3561507,33
-671191.276587147,-175
-2963241.90898197,68
12088500.7528944,36
5364743.69942926,53
4189845.22010207,75
3707763.63468873,58
1450134.94477917,-11
1743613.47512318,18
-3906678.80006094,-39
-4842216.84706993,38
275649.712085569,-62
1913060.48068773,-49
-1318442.70679366,52
-2258766.47286276,-63
-1816444.30288822,-29
940452.246524972,18
1004086.03409866,-138
-3228474.02522332,-68
-3246068.0187628,-104
-10594010.1298384,56
1562133.9050809,91
6552227.53317163,-1
10690355.5787795,8
3335712.39804385,5
-3752502.36921185,-119
-5647885.90523932,-112
-9206996.97080339,52
3911357.54857152,4
5233782.28142268,-83
5058483.12206536,-102
-9861862.70875654,-89
-15382025.938565,-188
-1184561.78814426,52
4766296.76601835,7
15934388.3338286,-44
228792.366994382,15
526345.138438345,-30
-4966336.02541393,-143
-2364158.13857779,69
5500475.03836341,-22
-182363.409869972,-7
7525393.10633611,-3
-5703427.00273091,-117
-4096682.27927112,-23
-3386821.89467388,84
495293.765051876,224
42158617.7909837,51
11862145.7625833,-57
1012772.05827358,-39
-34148385.0977656,-40
-12422770.4496491,-188
-2450485.45117051,115
5633218.79399593,20
4841013.38411638,-47
2503400.43961543,42
-4117824.1152919,2
-1231559.59647971,90
2159168.262193,-23
518541.435708193,68
2046534.36088888,52
591853.551788079,52
1909422.71713801,175
3314275.85439768,13
1627130.38973335,-132
-5604794.02223845,145
-2579494.38992275,-31
-3356806.20721744,-86
1721938.09545635,57
-1666073.89739331,69
5932620.45554915,-38
1375183.58889724,35
570462.418373302,-52
-6959340.19920126,127
5366609.52108928,122
11320069.081751,-169
-295578.421714205,-107
-9197955.15937825,45
-13019343.3661338,4
800713.259825129,-49
3106554.17748612,5
1647815.36764835,-132
-4798998.4332496,15
1993689.84929363,-121
-4566158.79240125,-100
1848227.24625877,83
266331.7473777,30
3386185.97258734,-63
3007030.33705263,-324
-18107463.3331747,-86
-10791604.6206847,38
-7407097.77940912,10
4170101.69821044,-34
6791881.80132346,-132
-12341427.5653946,61
13999674.2624893,58
8368091.06805029,8
21930515.7244822,37
1058602.02332354,133
-1123403.13429844,-188
-3210016.21203594,39
-2488373.60623263,-148
-7500466.05293568,-292
-18172858.6650157,-61
-4926787.19569484,-160
-2898380.6270973,-377
-9085818.13999449,-910
-42581279.5386136,-413
-38172651.3579423,274
16594805.7982109,249
56593008.5037448,241
55805942.3721382,-33
19650887.762256,627
23821950.2002238,-238
-11486407.3416481,-399
-19225943.2503371,-8
-37702799.769032,-791
-15252306.772646,517
8043691.58926985,-36
14741456.4979624,155
20245724.8188677,87
1195204.22999984,-8
-14831971.5884397,162
-3214274.79423045,-17
6386381.58456198,179
17031231.9235532,67
14017440.837493,-63
8304477.3017746,171
-10591922.167705,-284
-28744161.9979365,-50
-15117704.7146288,66
-490677.491466279,45
16768925.6317018,152
4721313.93809068,94
4375002.87980918,-251
-13885362.143878,-711
-21979418.8671738,154
8949798.53562514,-57
7991552.56043585,25
16953912.6185495,7
-6825106.63566252,-64
-2836101.97280002,370
9543909.04183334,2
-8006731.57392789,292
25630589.9814092,-4
-3965915.03627329,-328
-13861210.2571551,-229
-25236501.38893,-53
-11931426.487972,-549
-9282863.26720243,-550
-26158354.4307645,41
3271317.52353012,-141
20513156.060665,-600
20795965.4020261,-133
-16341316.320603,-928
-16345791.0607526,1061
4108863.07558562,-172
12455712.6596368,181
2232256.1707314,307
22969498.9769003,-48
912895.643298343,-101
28736413.4879583,338
2838893.75224922,-128
5520194.51103867,192
1597962.32925905,-70
-19173662.8564317,101
13892344.2523958,532
40458214.6462614,-819
-21601442.2763645,358
-4473058.83147088,74
-48599559.6408492,-3
20834751.5078382,155
5523872.06233908,-282
-14912997.9611432,426
20798080.4028795,-51
-2746515.80884216,226
23587593.0375013,156
-13136741.6012353,-147
-10781424.1160548,-518
-30719773.6600341,152
-9440014.71572256,-153
-3892553.41485989,399
28810768.8697621,-129
920688.53813698,202
3485959.98677898,143
-2635527.51515065,7
6350091.72101691,-271
-8629235.78056292,104
-13405559.5389803,-189
-7614514.07367625,-47
6333484.36695361,293
9620455.93454001,282
16972147.4514591,-167
9282233.33547981,265
199106.249197942,32
-9575261.55044079,-164
-7397199.30682595,-25
-3942376.57805842,107
-6381185.10004469,316
31987931.3988394,-104
-6776565.39883972,-34
1703918.20434906,-77
-28488242.1951435,263
16550777.0779391,0
-2592515.0773175,35
2966619.24178161,-113
-17943478.0085913,-53
1479506.40090805,-308
-21500289.4747486,65
2412824.95885898,-174
-6532474.59593855,281
22599065.3797069,40
5997765.73238121,-44
1985364.89433841,25
-1675317.06193862,140
2241596.57368065,-73
6821459.76293274,2
-1690927.95962732,-101
-6744902.80680609,-121
-8513374.72502392,18
-2268988.34773266,-81
-1683303.99811347,24
7161837.37162425,141
4898963.22399025,69
9384100.23135274,57
3797792.27293454,-19
1400690.80075665,-34
-5352527.89170848,-132
-7831880.79641095,225
-3634007.09631031,8
130659.062031149,-233
1898755.55346668,60
-1264334.50955407,-5
-1170671.18232974,78
4338143.43063045,-140
-6143902.6768942,-29
-4431116.19947559,-122
-2420168.44911852,-197
-5915120.41601842,28
3979788.72185361,13
-27481.6645561153,99
11931944.8984726,-30
2313258.35246174,382
15212081.392058,139
-2005269.35999269,30
3414322.79757692,104
-8828799.32841362,-130
654592.064940319,-238
-9909354.64475415,358
392270.494519288,-255
-1111855.1351648,-25
2344998.09445085,-50
-5536381.24240264,13
1458520.9624234,-117
1205165.96318834,8
-2631166.94957785,-157
-4127919.74139295,-97
-3865380.04594842,-51
-3453300.6620556,37
2641342.00384739,49
9235679.27787258,-149
516078.620291055,-48
1311964.25237687,103
622556.667759144,-103
3534974.67858679,-206
-27149200.7317809,-104
-24126109.4288902,292
713131.465139073,282
37268477.7530852,194
47893085.5663425,28
10274254.4574886,114
-4211776.42459186,-184
-35235722.9307889,-134
-8469300.54736115,-256
-15673913.6385041,-165
6303205.55904055,-411
-18795862.9938644,36
576633.798453216,285
14507965.5782522,-246
11345239.2190669,111
15351319.9606759,110
-10251741.7744955,-171
2820520.15040171,153
-2341317.83300925,-95
-4715015.27519645,118
2781954.0993855,130
1345592.71693988,-168
-362552.199666222,165
708451.951324789,-178
-6101090.32062467,28
3578719.71687458,25
625310.452156479,164
4577800.1440298,224
10342708.7361442,4
-1163251.82554276,-58
-4475674.45028573,5
-13002222.8426593,118
2256136.62298251,-141
-2039637.07620942,218
18447533.5597254,67
-953287.676423355,87
6297368.74072368,-18
-18013530.6709524,129
5940176.18829191,105
-146307.132549721,-48
2309968.50177799,118
-4226867.40113782,113
5034654.72384388,-223
21871979.0983323,514
10487714.6722325,-247
-4156311.15101858,-247
-35458057.2882444,16
-19344492.4210002,-166
-3929231.32396839,-36
8099123.97482726,-163
3661520.87460338,10
-3454069.18313582,90
6764646.56468753,74
2401005.07053137,-204
-567542.645977278,114
46761.7370456812,172
6789237.63081319,-22
4655031.11541389,-40
-2888697.25740606,-71
-7328103.55621145,-7
-2935704.48870804,51
807417.302506762,-11
1135458.10046752,8
3676238.99291928,-32
-3764138.40900833,-168
-7031962.79811004,171
42893.5495983107,-3
2609027.24274922,-154
-87442.0730522865,-199
-7036262.27109058,216
2531720.90144588,-31
2792581.86852994,35
4275885.55319428,160
-717483.232337398,-115
2366919.99013477,-53
3003147.02734404,79
-1637729.84822072,128
9576980.51110545,93
4102706.96399128,-16
-581245.160169809,-178
-20322862.5197066,54
-3924239.04712285,8
2268446.15373858,-244
5717753.15480336,113
1983810.16447929,84
-725779.385591711,-50
5324080.0460099,86
344146.273758183,-83
-4653366.78063941,-51
789050.501598919,83
-4496356.24583636,-193
3670495.01139471,36
1401804.30822135,5
82191.8507490822,-3
720236.516609012,-156
-3495737.75351689,-105
-9323020.3054623,-365
-14984919.4130964,216
2895422.64744793,48
9924102.09634877,-79
12123967.372883,-100
-11913165.2598297,-217
-12488360.3086364,610
16647391.6761583,-22
13477615.9984143,113
14535130.2091083,-79
-14671628.6374469,-158
-5781754.29973932,28
-2446440.48845209,-115
-2579588.7910083,236
9653738.30598353,144
9807987.61549013,-91
3418297.16579973,168
-4791974.85860924,311
7048190.47113503,-56
-3042735.25982579,22
107334.595266939,273
-4033682.97061459,-134
-3071641.56538659,-63
-2015371.96547448,-22
-15277502.1680047,43
6645235.90444519,-178
-5820937.27253143,-40
738307.50995108,-59
-3782913.89537643,67
7930926.35722917,11
2137896.16270488,-193
-3770080.59170169,58
-891820.616239696,-75
-1506345.76494672,113
7586303.6487128,25
2050272.23899212,-224
-3254756.87737082,231
2383184.62189782,278
5597225.5815021,-1
5071073.3165321,-75
-4182518.59480089,-8
-9414091.43418229,25
2397085.912475,-9
2550888.95666165,-68
1312954.76925757,-61
-4317662.732747,62
-1061794.22069584,182
9140836.98056161,57
5878186.71770052,-62
208492.448637602,39
-7143896.73460829,-46
-4025609.50269443,4
-1174102.69875303,75
-1445729.50099998,43
470686.002722246,-48
-797556.847028355,22
-329802.254165184,-95
-1651185.36249124,-159
-6355378.4122111,-144
-5217130.71260563,-173
-2720637.24914164,136
9725799.28561804,1
5981614.59129668,57
4370627.44055177,-275
-5791290.2118791,79
-1975865.07967186,-101
591787.342799251,110
1303907.11513663,-70
-1327303.38013706,85
-1788444.72894595,195
10078345.2746318,-102
911553.107987449,54
2094473.87955329,137
-4519188.80116337,78
1669408.27246582,223
5679914.07339618,324
18864499.2256544,89
6457466.34348742,29
-2400943.54627151,67
-20068212.5437748,-60
-4815414.19011946,-186
-9289294.93502779,209
489693.951709732,388
18256676.5694525,-212
7283784.16716088,-223
-8246633.97854615,54
-19266120.5065162,-73
-5929776.91636345,19
1687527.25704686,-81
-3320656.97884335,146
5469876.08992848,215
10388279.6493957,-69
3885374.30168988,-12
-1781277.5268626,119
-4095285.99685072,167
3793755.57440518,-47
-2503361.65184728,361
11056188.1295156,-186
299747.218824607,290
21306993.5467754,-176
-4742028.16701058,63
2860526.22613178,108
-7829978.77536829,-58
-8124508.96699665,-85
-11448347.178143,135
-12702831.2686983,-26
890706.052825725,88
4974198.14553455,-72
5136974.3584588,-17
-2642232.80998569,-26
-3180753.99224936,-29
-8096195.7992966,-106
-1445174.0408307,41
745505.454686916,36
4350917.50143172,-130
-3716373.34704342,-31
-313327.111054612,60
-6089590.35487785,175
10910181.3185014,-152
-4320384.01462122,18
1059187.17122576,61
-2634944.22905783,16
7469966.02285509,29
5140223.36869743,-57
-2329978.59132756,-42
-5323276.3690368,-75
-1711557.34646094,-234
-9630420.24247798,-117
-4630445.62458947,-30
632098.669513103,-45
7720752.90364118,-67
5773894.59312403,173
3350727.65705374,228
7034855.64929765,-6
1092402.09297885,-25
13530.5713650125,182
-439782.386996656,-31
946791.378635729,11
-1733493.25777893,-139
-6588491.64382812,158
-29465.7045670444,66
2868467.50002913,46
4126006.03657368,-53
-1610301.31300137,183
617609.672199198,-52
-3611168.37143026,100
7306934.21771701,-178
-5937358.66156924,-104
-517700.825669788,63
-5502094.12310096,-65
764333.560319347,-60
-1133930.38222743,221
3418344.01381468,2
2421324.20780098,102
5850563.05415375,81
-2229732.49487124,-12
-988292.698711963,-53
-1070565.42698414,76
-807080.480323525,-73
327239.905021422,-120
-4705012.87165002,30
-3544525.07026295,38
4087.69230747842,-37
2673859.08391259,-2
2960890.08170396,1
-609829.577084491,31
1182193.34564495,14
75081.6574088788,8
-173269.213655784,44
631814.709300982,-14
-16820.0484744146,10
-594400.224527205,35
-1924730.81396504,12
2984437.56301164,105
4373297.22345159,135
8278367.3005812,298
13113612.1315061,-241
-4743280.98778302,-214
-12941045.5202851,-30
-14242036.7710724,28
1267084.63712547,170
9003272.34343451,-147
-4153868.81239667,-107
-4328456.02175285,-57
-7909533.73531123,36
1913362.1517114,72
3838979.46270196,-35
4381934.42567918,-13
-925864.383326368,137
2088722.97360452,111
1978240.17676626,-161
-3546067.6380927,135
370705.942011672,39
3746218.50157581,-12
2619599.13383908,-29
-3411813.22613338,31
-5819137.48386336,41
2855099.63863315,-51
863011.814804006,-90
-1353618.50770566,31
-2174712.1299553,-87
-3673767.59956253,57
2370739.91249739,59
5918017.05417905,-58
3529556.84256379,-100
-4188512.77779282,-81
-7481852.35853761,-221
-7297543.40164115,15
2101856.75816545,196
5801999.27392465,23
9269746.98553572,-90
651795.398489616,-61
-4055965.57701878,-16
-1125035.95855795,-165
-2460396.04381311,135
3018433.78000431,80
1489773.51970786,38
4119683.8469863,-51
-1979193.58825089,-69
-3303828.11195391,104
-40826.7086315947,128
2634442.80261986,-63
1695170.79324199,40
-264634.545378585,-10
-405162.346030007,-53
-2313501.84531536,-16
-3447811.90955899,45
-1427175.82190111,-54
1044932.33634259,-66
-2461204.21280296,-190
-11947123.3240839,-870
-32804475.1510098,219
3953556.21952319,51
13858330.9427047,-78
33387513.5671288,19
1494180.04657048,40
-8674572.30395749,208
4387636.86818287,-30
1165546.81950148,202
9855231.22768785,-125
-4437050.57666988,-30
-7438331.28489736,-78
-3768074.684399,116
3238248.60575128,-7
5010201.37406351,-37
286668.669890669,-49
-3268995.13457594,-1
-809087.126587744,-90
-3424896.6687207,-55
-441338.571605976,127
5425886.00556423,-122
-1098189.66595038,210
3066079.4737352,30
-2363672.24271203,-105
3121912.9306543,101
-847211.975993248,47
-325006.081875724,109
7118795.19094222,-163
-5190757.02609927,60
-1875610.78533005,31
-5321580.84941312,81
4540770.54055704,41
-1104872.65520391,107
1244771.98901929,-15
-1400015.52721679,32
2949434.08971348,-12
-2579416.2385817,-46
-992283.510885631,-111
-2333854.55545923,134
1533559.07257854,28
7779841.19820796,-19
894275.771121763,-131
-2000220.2919342,208
-4227309.53632504,-222
-4543086.36303257,-116
-3476683.39531635,113
-1080050.45035054,45
6151737.78922006,45
4659565.88849219,25
-544923.442269888,84
-1184175.66718956,70
1205180.86431422,0
1228406.97123169,-121
-1174684.51112256,89
-492942.024087321,-32
-1691865.56453991,113
3322118.00458799,-13
-967549.044988994,334
10309249.2803869,-140
-4059968.02618149,-92
-2422997.79777608,38
-11408659.569233,77
3838445.08791899,-79
-553594.415518652,52
1280263.13126164,49
-1988417.30391124,-78
2813256.57736727,67
2672337.5174348,145
4810829.88671278,-126
-1029693.59868913,-8
-4382463.44809952,71
-3016883.33877875,43
3032936.10524465,-84
1200023.36560512,-133
-6601770.99798535,-154
-9685034.40420515,41
2963648.35117609,51
5790380.03596872,19
9008576.24307505,144
-117677.665173714,-53
-1246816.43969222,14
-710295.439982541,-109
-3975056.18475162,53
608127.138025502,-99
-3952550.87650426,62
2953664.85391176,74
3516913.59628266,-22
1814542.58239997,-77
-3905052.0378329,-61
-4079795.67488995,-77
-901571.7605137,10
1369893.95339868,83
1924259.32954233,68
5145385.47670469,-93
687645.706641809,57
-75579.8085026418,-80
-2361137.51189378,-34
71108.7846978322,-87
-5784401.41483775,2
96548.8705130151,-34
-697407.38774456,51
6595485.76237478,-11
-700527.156707568,46
2425810.92917629,-3
-3187900.42652913,24
922190.437956295,-12
-1786357.20089116,59
1100583.32373016,15
1658215.77528514,37
75275.2848627522,-7
-286373.445650362,-89
-4131953.60052746,49
1110735.01228308,-22
-448705.675692691,-77
-258169.572540041,-36
-1694299.63349729,-40
-2792529.25234999,-66
-469823.948495499,-108
-3234367.11471184,59
3551078.44696755,-13
2572144.64282714,-89
231060.111203825,-23
-4389315.25376289,13
-194348.012888634,13
2131731.72881831,2
3510228.23221936,24
223347.531310929,-55
933717.749837953,82
2566211.13680902,-24
1788175.28561671,182
9663426.36895587,15
-1714333.78955263,-89
-2701810.81171231,-62
-10439676.0751007,113
509828.897006342,32
3483290.21692693,-20
1630180.49675443,-16
-2424431.72801575,-55
-3826723.71657519,112
3131435.09417175,39
2055515.30675475,10
1339133.49923806,-108
-5346828.55665862,-24
-1900588.91974655,-44
-953951.294678771,43
2151713.13583487,-20
1885725.62501576,-35
1337365.5741648,1
-97081.3723256044,-63
-2706567.59412617,-14
328675.445515169,-19
-1083755.98704672,-18
2811776.4533488,37
-1050058.1748783,6
2889905.07121103,-2
-175579.605412444,21
936531.506623068,-17
-1482573.2686433,175
5424167.22328496,78
606481.687341519,32
5134084.29085285,26
-5944819.96874378,42
-531427.370398385,74
-2103251.23319773,56
279988.724991459,-55
-797785.577703135,-22
-2105898.758461,-10
-812576.151513141,-25
855197.742226895,-78
-777334.520418598,38
-421921.988172101,-4
-602861.318987468,-24
-127111.154911274,6
262942.836209722,-13
-683188.871859284,56
-236600.675501571,-72
364204.228430316,54
1797102.6211096,-30
-331574.947093778,106
1508759.74874793,244
5529831.77915008,3
3328192.37045133,-4
-3609884.33348157,-144
-10269667.5631109,-73
-3306899.54285274,119
3929190.83121681,-23
3383198.69976828,-112
-2347769.74208261,35
-600688.161900428,132
5647491.6945331,85
2856008.40195999,41
3063560.41326513,31
-3220397.98724129,-60
-905383.205473055,-74
-4698717.32820968,49
-2490512.83982555,-53
-30813.4471508184,-11
89418.9301273554,10
409132.069719213,-10
1088366.20040148,285
8983938.0984736,34
1934049.7450727,79
2149523.22547669,329
6803448.84687587,-147
-5274270.17141988,-208
-9832360.03572111,94
-12777165.6280364,-137
-3125229.47135764,-62
4115791.44379146,7
-8007796.83315519,-14
1645344.21078277,1
-7863.55572223231,40
6462035.18416598,-39
3515955.87927789,45
2781660.68112442,-33
-2232513.49074878,4
426169.038999608,82
2413348.38208642,-12
993410.797111029,-32
978621.455834969,48
-1207859.98398842,28
1927822.81222868,-67
-4459577.81794941,52
-1522291.60421965,58
1959234.79435822,120
6473291.8573719,89
4783943.93394726,2
-2625432.37865114,31
-1940639.94723402,-14
-3982841.9196693,144
4969664.37961285,-35
648486.722330917,52
1912934.36069137,-23
-5877088.36611415,25
1240158.4374232,173
3109008.92966783,-139
6221031.1061413,80
-1906392.95902859,-55
-5205283.92571838,24
-5390175.00997082,8
179728.366808102,-6
132966.195039049,93
-604697.317719381,27
614928.084962163,1
36317.5306947521,36
1070700.89489228,-41
-1882356.96528903,-21
-248002.504299424,249
7781679.45724966,73
6188510.2145743,-28
1897044.48239727,-66
-11230243.3222427,32
-4829318.81916934,-6
-539989.332119261,-30
1605682.60450675,-52
-2047164.59391355,21
-1572498.4126346,56
2455314.40546296,5
4308767.40518876,22
-803511.223739574,-206
-7164442.87602041,-3
-3351639.1004529,-16
2700984.43973572,16
7683774.30222665,252
6363516.93130116,-27
-872100.255284607,-97
-3927520.46504958,-58
-7668869.65157684,-8
-1134186.50910339,14
1556309.06335833,39
2416397.53737405,45
984683.336506689,-38
146510.737883746,-22
-358069.269372055,55
-745004.443088401,-43
-1549747.17263905,-33
-454365.211134824,-25
-1136482.08031675,-17
-2360092.4567193,-55
-3234606.38091677,-96
-298871.816174171,-62
1960688.42277557,-66
1269063.3381423,-2
1506847.98582361,-107
-225567.404213305,76
2976435.39547831,8
1697764.53646105,19
53172.0841223122,-65
-504875.011271861,-67
-1831377.88015584,62
2253574.85021414,-45
-401114.573640288,50
2671946.9894331,-20
2238265.96966864,-29
-1307523.02195339,8
-1730448.59284271,41
-1065139.94636196,-50
2101361.50466159,24
2128212.66832275,88
707110.480343005,-8
142758.982543756,50
-1682326.61292562,42
-1160984.94116534,18
243431.548806875,86
1808859.52339493,185
2726650.61119692,-70
-2509803.03727516,-85
-3179037.21055067,3
-3145276.43677631,43
2683497.11805621,-51
344083.460208396,-40
-1439902.62930308,35
-1234194.29066502,-53
-2003645.03477802,-94
-746134.410381001,-28
-1256858.73267447,32
2253382.21887014,-29
1399538.85088643,-47
162823.838869892,-58
-881668.368854068,44
1786716.19716411,66
1889763.67421322,-69
668715.556289065,-171
-2301657.30528486,17
-1553109.65417444,6
-18448.342659531,53
1867724.2924228,23
2380603.99473,29
1043228.96948166,-72
-4172486.81835958,-143
-6080024.37990571,-60
-5600406.19516311,-101
-478694.25672328,18
3059240.0003775,58
6351910.26945605,3
3566225.70349001,-24
1048698.41016569,-37
-2667442.60893292,82
1985329.51948428,306
9089170.14981457,161
3829509.52244699,-134
-3582537.07245254,-41
-8546952.08991319,58
-3908340.14911339,23
1855945.845259,-24
-227078.525541721,-74
207525.262352322,-174
-4996269.86859752,41
560664.045892118,-157
-1133937.4441197,32
4754502.34804325,-27
-959421.312749521,-12
1066058.9814961,30
-451860.979571025,104
1837954.32428229,-24
1376050.02674324,96
2193732.37164906,54
-840440.388856094,16
-681023.408218621,-27
-2199801.39195259,-20
-177758.099066798,-42
44.3932103322778,26
246101.218225132,-12
-277714.562431978,-33
62162.7796030921,-23
-997942.668077685,92
2284261.08625685,-14
453839.599196322,-6
1512130.70100889,125
-143890.881623901,91
273025.674961186,-20
484886.686998643,228
2236766.03965587,108
1834053.30625086,55
5076500.70008488,310
27609571.1488041,9
-24060517.328101,-260
-13040596.0840488,-137
-34319698.7292787,-189
16648004.8600918,-84
6963583.02713114,-88
-419516.446579808,73
610960.803228902,202
3921020.20788964,11
4941546.57710678,33
4391208.67806978,14
-3330079.74076506,105
-130062.480123994,84
2249924.12550993,-62
-99872.9886525677,144
-1266455.33373732,-46
-4379066.42452261,-80
-1940103.37633763,-36
-1905525.08495193,-127
347325.337879472,-73
-3468337.45788714,-73
-499762.031250629,-75
-3054337.34456784,81
4451545.75129106,-37
-245986.290431389,-73
4015118.49021989,273
5222554.97602375,-95
2066778.4894191,88
1368362.68267946,-37
-4065463.2368866,-41
-385281.064796755,39
-507080.556092084,-24
-827635.537369938,50
136172.842927219,36
87462.7244379222,145
5782386.23720479,-57
-748760.644763771,-10
-831622.074870132,-73
-5237834.13365356,131
1818218.32135676,1
775518.942007212,-52
-915887.181521454,3
-820609.296117601,55
1144063.99163166,-19
1773071.79214159,-10
167530.200598369,-30
-1314060.66233811,-101
-2943354.71615757,-71
-3095724.26792488,2
-231184.457323044,27
2215432.83825513,21
2328147.2042964,-21
44466.5771023788,-9
-1687962.14076449,-26
-2836390.36901642,-57
-948438.483006862,65
1139724.96432218,45
3584742.67512962,-54
646860.647260486,5
-590853.498200601,-54
-1322913.69855174,-23
-3552298.71468592,-22
-134948.910500008,-25
1020501.44069766,28
2622729.92120423,103
3238006.071253,48
2576873.23065327,-76
-1338057.40241235,49
-1686865.18873168,20
-2321503.68567386,-9
1699841.02939967,30
-662300.663499788,-6
-10221.0764734311,-66
630640.190692535,16
-21466.9275195479,11
-235586.931565615,-9
416980.760729436,5
-113449.235186151,12
40062.6530335188,80
6664107.2292924,-41
51492.1302592425,67
681588.814448411,-23
-6724838.11675324,25
2483670.91772007,14
326534.904137046,-18
425643.790174165,-74
-2695150.93250691,-9
-1404321.54433997,10
-649770.723089234,-50
-1269197.55219965,-37
-858951.263351677,-67
103675.147236205,-106
-1011437.60358377,25
1310378.85716553,45
250486.915117631,34
1776755.67583086,31
119271.185058469,-1
-1528492.97370038,-54
982005.428187302,12
-101869.384165135,13
-351063.051397995,-70
-4555648.07215831,-103
-5406927.23512184,-31
-1659400.84213016,-24
3526418.19019842,66
7100038.4128471,61
4412722.41400032,-37
1060701.92115425,-12
-2126884.9895341,47
-557644.312030201,-135
-1627254.3454966,-8
-1735005.95646999,10
-1403545.83598977,-6
880585.625513274,-28
-362395.349801747,-85
-5822255.9128872,-83
-1456870.83704199,31
-1370227.61103072,-115
-1198173.39562413,-103
-3446343.99397762,154
3990319.45925412,105
10211639.0979139,-46
5589042.59057682,12
-487670.539521291,32
-1864456.61446666,29
342918.205820092,-38
763970.198180406,-4
-72671.6760634183,51
20068.1865245822,-76
-350494.715381914,1
-704639.477158241,8
-1264222.65390994,-60
-2228137.91807153,47
1273334.2101475,-27
572810.080399542,75
2940789.67885457,48
2321418.13698507,22
232597.212470856,-22
664241.863750963,135
630263.912677179,42
1521774.47824203,-18
-1466291.54935163,-84
-4428989.54288233,-75
-3462693.58599352,-91
-2721663.56598673,-43
579955.60556401,-270
-5096302.99655195,-217
-7000832.62439224,-36
3404660.97645772,194
15829929.7336942,57
11251811.6091195,14
-5473886.78221615,-25
-7192912.08568859,-89
-3672679.261473,60
2842407.52103573,-4
-377617.772186218,-5
646016.20794079,271
8084949.60171862,-5
106849.476144743,-28
801290.3362927,46
-8934003.61488862,213
5252875.17589957,-128
-666310.264435054,-10
2224186.24088349,-41
-7819145.26609729,-17
-312916.933491562,-110
-11602421.8723511,-117
-677162.465716276,64
1639248.20466761,101
10388875.8145375,-113
1760774.99448001,-72
-3758915.77967542,259
12994125.4286125,144
5383993.18039108,29
5619743.61085143,-136
-14514720.3161608,123
-3275681.79964068,-35
-2849160.12149192,-59
467836.827458165,52
-1860943.71601525,28
719976.212799529,-3
-734386.575760031,-35
-1028589.91863284,-34
-199945.867766388,2
1802987.73362465,149
2676113.65952234,2
3226222.43503464,-147
-3998074.8181124,-88
-3150484.49238887,-83
-5222950.01118485,11
3181840.03751514,4
592687.279875296,-71
1221525.21323185,-83
-2721105.66086597,297
776681.946083543,0
1207249.96684671,0
2721561.35388171,0
-0.0002485544927625,0
-0.0002485544927625,0
-0.0002485544927625,-158
-8454408.04083242,-34
-2653371.69788939,-140
-4112994.20753559,-210
2009673.07557639,59
2837819.74966568,30
4420499.67160219,-44
-7830321.39818119,-195
-12899499.687613,-97
-3528311.70741629,48
10436659.3464066,259
19073536.886054,84
11072346.7299605,-15
199289.944165294,-372
-26706034.1944281,-174
-23342353.4946197,68
-3483614.16772008,100
24291681.9787128,-31
16819835.0753759,116
16990339.1312871,159
3925269.28415755,186
5201189.57761632,-118
-17453350.9452684,13
-5712507.13537751,-14
-10385788.9975332,-250
2810454.46973812,-111
-6211217.86614527,5
3846189.87693355,-48
5439416.74609709,46
10837756.2950645,68
1893050.50395018,49
3328348.59996399,250
1879991.3077394,-220
-8473735.23285769,2
-5798866.76268892,79
-7951233.26936913,-58
6207269.14201664,38
3771815.89914965,71
242338.377946099,305
22379578.7607459,104
3357792.45244743,-207
-2163415.90315423,-4
-24804634.0365209,134
3453094.72821831,-14
-2255905.09213219,-46
2299237.1837434,-25
-11109563.6360615,-16
2358629.70043957,26
162222.620871773,-17
2264568.95028163,130
5309901.60653624,-5
139730.669080599,8
292269.892891612,51
-3981707.56894979,72
1912493.17464763,-22
-368508.113067275,-91
-2376333.83267258,-34
-2466605.83937442,114
-1044929.75534637,-48
10831904.4006141,133
1543290.87433521,-26
1955089.8461206,-24
-13735917.6924526,4
245949.064703465,216
10072033.1372193,17
8118276.15011904,2
1463968.35956746,114
-9780612.73861513,-118
-4795561.30706053,-64
-6773889.6226756,63
-130836.898011941,21
1978168.33756332,65
1823744.33806853,-359
-29791194.3828924,-553
-34815812.0529689,-99
-854611.256054822,161
30253114.4675465,-87
32950902.6860473,-58
-4748697.68082413,106
367344.199686412,33
1969683.11810252,46
10251991.8197225,59
1680975.08992725,65
4471889.76778019,-36
-1138865.848015,151
4789976.00182802,-121
-5620750.75665143,-20
1005365.76001761,18
-5495903.96023449,42
6377824.95803965,22
-2631138.27880858,-89
-5503613.60971402,-96
-5175086.24918367,11
3425350.95056976,-28
2194858.87560489,86
-143212.619363088,-200
-12569685.1599835,-224
-15389011.8466145,53
-5097759.92953626,-38
-2879094.17669329,-60
10637532.5113611,50
4543731.96505129,-12
14333058.0360631,112
11328464.7324565,-54
-6744795.41512519,30
-1222836.02538936,-2
-5265116.91310131,-144
3942745.16982565,-295
-24585195.7444078,-13
-11914783.5165093,-46
-2741202.93179246,163
25523769.4590839,-144
542473.90227661,-179
-5492667.58009212,54
-1878172.04201024,151
21740271.2101665,-109
8516249.81717072,120
3485848.48499867,-89
-17623935.5649895,0
5201251.8906407,88
1771314.62293015,-7
9876168.91436543,28
-181929.584833223,64
-217174.147777452,198
8326325.88148851,83
7507120.20354595,-94
-3426297.10813909,9
-12804321.1626958,-183
-11455475.3612907,-168
-4645126.96105407,177
4213813.97613862,79
3717078.13848602,38
3827394.36335187,-79
-4240642.58793095,23
-1944688.98510912,-52
-471299.288826621,40
1915110.0234754,20
896209.985166566,42
598159.111418232,-1
1564780.50980365,72
1611588.53887451,-110
-3477107.22855637,-130
-5294309.10591797,211
1377246.53216778,160
3568410.01431221,104
17406500.9117053,-184
-9563507.97451352,44
-1384432.33029632,-127
-16725423.1662461,-2
5504803.33141235,-55
986418.241001519,-121
-50513.7144814547,78
1877255.13265371,39
1489025.03789366,-42
4305912.2602455,-84
-2958773.47626758,49
-854290.032789768,-120
-3736451.96299342,-113
-6864126.28688884,-86
-3188767.03460399,-3
911096.020344299,28
6633335.58478016,26
1823318.00424997,102
9467528.33401178,-12
2951181.64174942,7
-2185825.31684493,8
-8716597.85246662,64
-84678.8030530278,83
3984698.59517877,122
8975109.36953895,83
919935.607502651,-38
3644631.48617614,-5
-9073404.79790188,-100
-5473423.3489745,-220
-10337882.9171809,34
156867.448050071,-26
3162123.09091744,-19
4652880.50142795,0
-488900.908701355,-211
-9723936.20879099,63
1551852.92521831,39
3127628.55080832,-31
11187283.421897,-29
-3428661.01874135,-56
-5175812.17922543,-25
-951548.095199555,-152
-9339810.36695102,91
2820297.69028474,39
-194922.399625182,95
15202725.7122913,22
2177437.87196037,-196
-7921287.38256483,123
-117981.843426921,134
1083002.06274735,69
12609289.0912179,-157
-4982509.86944633,-43
-2844827.97898366,17
-4132682.14691142,18
1775497.54962015,-41
-4269855.85612307,-14
-733589.697006594,78
775891.085150912,-21
3578293.75193215,46
350732.501205159,7
-1865416.21450909,24
390637.170966539,18
1593667.31942391,82
7040965.38932335,69
7905273.31823543,18
2824888.79650347,316
23783166.4328469,154
1856515.7387201,182
5286614.74744361,0
-30788271.4834387,71
-12265660.7143677,115
-7115678.34366075,24
8290585.19189501,563
29181941.7192079,-258
-5628183.95763666,-33
-6011601.54140292,-123
-30008576.7481646,30
2687484.4696005,-16
-1064336.50584172,-43
-10084013.6868289,-111
-2332752.09121761,-18
-11462684.9978672,-95
13229345.357113,41
2830164.65332492,6
11480896.552201,6
579364.196936345,77
3940465.90884381,-16
704359.278267079,45
580229.265125124,-88
-5415686.24028286,24
-964343.905903088,-31
-2270174.20687971,179
10740183.9323471,-52
-4987651.21822627,139
12109910.178895,-70
-10677083.9318512,-120
-1556031.46545481,4
-11600528.8785618,7
860591.005492412,22
7355367.78009199,33
1338173.56813588,88
5901695.39695263,141
6693199.66956253,71
8970392.37673243,637
32128897.7945915,23
9383666.65682345,-56
-18284315.5499175,-137
-40665128.0227963,193
-9888956.55088671,-85
7820457.31112291,-110
-1622719.22228421,-290
-33549374.8936127,-30
-1491278.09136366,-20
3099861.75703747,58
28942976.1117062,-63
-1965946.82719215,53
-650767.360755352,23
-1384662.66898317,-47
494570.098651838,-38
1223283.00877235,94
-1362865.70681275,-124
-3702840.75879389,118
5524297.31354584,84
4306708.06416012,27
6214398.64224978,18
-4893334.30412748,-27
-5140135.93393816,54
2995046.62006568,-28
-2063511.25360902,154
3108872.87065248,-88
-2405431.17267695,301
10940462.444583,-91
-1082422.5498752,-16
4316316.98108742,-31
-9277943.90216546,-62
-2225141.7005485,-39
-6710270.40827813,33
665649.229348146,121
6594711.98077445,-112
-546937.999919729,13
-725699.097984568,49
-3379877.70444086,-25
3229360.85157598,78
2673763.14433043,-37
-339573.248304034,-49
-1684556.00217029,-106
-7750333.91000006,-100
-7050515.74311671,19
2495626.02423888,177
12691744.8958316,-86
4635791.51098123,162
7920698.64255057,-48
-4254275.69898237,12
2688633.65041199,156
-4960933.77706117,6
-1949757.14565575,-47
-4181783.99829776,-73
-6093033.82261355,-3
-1173904.19805384,183
40459709.8114353,329
25344245.187453,-126
2846199.41559679,-105
-41783813.2390698,102
-18846427.5628113,-120
-1608175.65511773,-54
-785645.803104347,-328
-22405069.965762,75
-2517360.27829822,-22
3879730.31389818,-274
-2340907.45663695,57
263543.619239044,-58
222245.097809587,-47
17767112.4800341,87
3680659.34629841,-59
-220132.493868941,-186
-7607819.42754943,83
-1878093.63558256,53
864765.888140988,31
11442551.4721213,46
1065856.71314211,80
339290.770966923,112
5769908.14351781,10
1726644.91163188,-84
-4462306.40708057,-12
-7953844.56594836,24
-2731973.07002572,371
20118663.2906202,87
3518780.69030716,-41
-1027013.99076703,-62
-19082776.2390228,-22
-2703869.11810431,126
-1200819.89850236,61
5658113.79868128,81
5238967.92966134,-77
1169680.59197082,-89
-3341761.0364034,172
3124537.2644181,-83
450157.371349473,-30
90260.9348512093,-147
-15171965.2859391,-57
-3816700.87819574,-22
-87571.1414197901,112
858205.828026113,128
8203460.00561766,-105
80469.9914264992,-48
6461638.27491267,6
-4507275.36383764,-133
-3098037.45135568,-2
-512225.396897464,-58
-1475303.404677,-197
-6476477.58899748,-14
-729550.662557933,72
3114730.78373722,47
7272581.78570903,-67
908444.824210173,-43
-1251105.8610271,112
8356581.90680663,48
3244705.11867962,24
-406340.781567541,-55
-8211071.87399009,70
-1804028.28764474,-51
-997357.533223635,154
9095550.35265748,102
2100762.46761164,-46
367617.908410945,-9
-7587134.14236914,-100
-7926000.20151255,-10
-172320.096659401,64
2630208.97756209,40
5013246.36448657,-7
442432.969050005,185
3728214.93144885,65
2328103.17261358,33
6465662.01141144,-99
-6573353.27682402,161
-333612.55536212,203
33740212.6170861,171
19414683.3884539,118
3150142.39619536,58
-35012139.7800186,-187
-19108780.1335227,-238
-19929584.6090411,-113
-4740061.83785364,-110
-6269520.67389202,-81
11395579.7646026,-167
-6568963.25003875,98
3756778.33615457,70
3165046.2871621,16
8469697.44080222,-81
1984139.05346408,-162
-3679844.24388824,0
-2459146.71326436,22
2268981.17243474,-292
-14012545.5700857,88
-938894.790860924,-51
-3155988.38256847,-37
16700805.4855718,72
3071829.32162201,211
7551519.81822248,308
8556151.15375314,77
1163996.68775778,106
-1565213.2483986,-132
-11506304.8282459,65
-1580914.71159749,47
7568743.01864744,143
5546292.28541875,-137
-4775801.55655611,286
-3525876.02580222,9
8907590.31255965,99
9692530.80642286,-251
-15780208.5086065,13
-14357924.8369648,41
-4422278.54843185,111
13440369.8904646,9
6027693.27167723,-147
-3677212.10653541,-35
-11364380.3534556,-232
-12507775.6670188,-63
-8484145.61457786,36
7177455.84107316,-32
9731420.48791359,-70
7753631.85175169,-56
-5739359.47275079,145
1378135.52016506,35
2322991.122388,-30
5035301.32034111,-58
-193494.212776348,-75
-980152.451153341,71
1356007.52032435,-42
-1416998.72118293,6
607581.344267439,29
-1859451.71214458,-62
-2731005.99032025,31
-1653270.64013182,114
2002334.42840576,-27
3240977.57701861,-52
1590210.9547975,-97
-3923697.70743853,-136
-3931886.05163189,126
2759647.63037905,69
3990092.7313842,-43
4162768.83652973,-34
-3025183.1890147,-96
-4098652.33206548,101
1714169.66242805,114
2760542.64819942,-69
1156013.09145209,-171
-6314770.37945889,-138
-5594099.56806122,-127
-6026714.86116599,62
8248826.74665611,-9
6486359.69110304,-51
5657168.59971736,5
-3294616.49745858,-30
-10991181.1759842,-124
-2122371.69165398,97
310434.964658756,-71
5313427.2283471,-24
3464578.07307972,59
-349176.049194974,64
4279615.85873276,-24
-1143892.85035054,175
6258341.65299118,107
1916425.98106666,29
5124921.08839389,24
-6476185.08273472,152
1606369.51708972,41
-1667649.62312062,33
-322240.88122834,21
-5445378.18352634,-25
-2248775.23190402,68
147404.275387206,-60
-893619.000142305,-33
132288.882160218,0
-195065.598993221,109
4882240.1998877,-45
1024840.67514947,17
1117739.76931727,-88
-5505705.56511499,-209
-14849968.8952187,-76
-6292378.4689999,-127
646375.95222335,37
13913563.3493647,9
7916221.53889465,1
1473013.68548466,-5
-430657.656561651,161
398485.810908332,97
4040494.11329287,31
505933.229727565,-126
-10258479.8278853,60
-2244390.07652233,-287
-7230808.16685499,-97
3637818.51912008,162
6009609.44107123,108
9386978.22839668,-41
4128597.25757819,-2
-7482701.98940629,13
-1590502.61178641,41
672524.523109579,-23
289848.685706085,23
315578.446577845,30
178559.872959225,-142
-8194184.39451209,-87
-10054557.3773885,-90
-7340012.46441729,-85
6162237.89653742,-21
8022748.24328319,-106
-344561.409236818,-56
-2268776.8057052,31
3197353.66141381,53
6633812.67005848,99
4157304.39984807,27
-2231257.68108011,124
10731685.9194543,-8
-1094892.3051918,-49
-687157.243599332,25
-10447748.7005555,-109
-2139569.23042984,4
-1267571.51008267,146
894541.038637425,138
5454740.33813179,99
3810448.74650506,-56
-358158.441376754,-45
2738106.34056076,95
-1217680.19651623,-29
-1162063.1645273,94
-2825363.91000479,169
8040252.3307848,19
3893549.19644075,-136
-7576172.15127779,-2
-9379496.49014434,196
4945871.48337699,82
8392451.6039988,-32
-6993538.78601141,56
-7164961.06286397,-98
-5339297.96821358,-11
6566147.85025864,-122
-8644579.68028505,-21
1037284.95083834,24
1444227.44847405,24
8024513.23251978,-23
147749.813227412,36
762536.965907122,-31
-5278955.17856582,-16
1496182.92284825,-173
-8736160.16486894,34
4355628.05357528,-53
2939503.95065197,-80
2861045.50349513,-75
-1780797.22625382,121
-334314.993739682,-110
2705917.70833272,97
3573628.85214166,0
-762718.740850235,70
4676599.79582116,176
2078640.85844108,46
-3396583.11935819,-38
-2945750.1299551,12
-3416478.58010136,60
1424006.53091793,42
1595452.49353004,-88
-1574787.48187392,-155
-5972526.53015571,183
4894854.87049708,-72
-1879163.20684574,-29
4708063.14504924,-78
-7552829.63477908,-38
1107518.33998945,-110
-7119800.83053324,-93
-355476.764855705,-21
641196.130832784,-57
6379918.60068428,12
3503266.60328459,-37
113156.843896245,143
4515915.87127745,56
-1337836.34718223,-93
47845.0699690251,-66
-4723850.67484412,73
1598896.35977568,-33
1250828.14458336,-11
1211708.53335123,58
-1211642.70570496,-313
-22682467.6764698,-324
-25963527.8052816,70
1390303.87599416,-102
12946468.5927744,61
26614449.3961842,96
857557.025227639,132
17086087.530456,-6
-574219.849848955,-25
-3391309.75298921,-43
-7760177.01817367,80
911848.162073905,-28
1093006.46143411,-50
-921113.408278377,-94
-1749450.84670323,101
3169803.55158245,58
3289581.66156853,151
17754848.2456008,76
2147495.59441027,14
-506294.226099278,24
-15436621.1181393,1
-7522039.29524984,-19
-13958.5668836942,73
3122409.32660993,178
12926690.9253026,-38
-1233728.83742525,41
-4990953.03694312,8
-12039572.894001,4
2148216.58077677,64
3563282.29262381,27
2663739.26097558,-51
-7180930.80124628,31
-2867907.79638773,39
-2052703.10040106,-70
4131075.20821162,-119
-8107064.71950748,76
364739.315857944,26
3557590.76725542,114
13188636.2969394,358
19182340.6918052,-135
-2186332.61573868,11
-9119892.95896928,111
-15165873.8342089,-8
-2229154.86759207,261
25549644.6025109,186
46657128.4269732,59
15898037.1470797,-49
-29098939.562374,-27
-50269610.5455328,-217
-19129081.317006,-13
4199696.35830501,136
1863002.42413618,24
8482894.69154901,150
12688919.2539378,46
366656.253641986,69
-776488.869033731,-89
-19961111.4737086,-450
-19169064.141282,-5
-9174513.66606878,16
13584121.3357835,61
18753252.2833768,114
11274829.3892752,0
-2747373.55706705,-107
-5598103.91881004,128
-2196077.05681736,-98
-792276.694719411,55
6667183.83334046,110
-1323615.46598873,-52
-829369.666852737,-48
-4989568.75816421,-190
-8620368.96512539,-74
-11093050.4529322,-206
-10534525.1633305,-8
8893331.50597975,-5
12436473.6056459,5
12045944.3792956,37
-123237.334365975,63
1158796.46092175,131
4146114.92398916,-181
-6578695.68259991,46
-137829.449356468,-99
-4431957.72910974,46
4039098.00082689,-89
-1555968.89356708,38
3113539.27395454,62
2307830.17701836,-47
758648.423222972,-62
-4809938.55077846,-29
-4192634.76359472,-11
-201911.985523681,112
3296880.32782011,-150
-1196090.31405415,-230
-12636863.879023,-19
-2086061.3863501,10
3941580.11926181,26
15234800.0516951,99
1791382.61931509,-41
280742.482531178,-20
-2102742.97163952,-332
-18811945.7148319,153
2880401.79273312,-60
-5075698.98973716,-36
17551449.7187645,-84
-10265943.1187667,-77
-6425470.09528915,38
1439705.67841501,36
16764130.5657587,72
10815042.8066868,27
-479872.869454443,-84
-12123513.837452,-91
-2509305.64889783,-32
3471629.96553441,-185
-7222945.04081148,169
8456494.08202611,-50
-5346167.01709331,-43
7385298.05536026,-96
-10826764.5133222,110
4368942.85777721,127
4739196.99519385,12
5552196.55351471,-1
-9883408.7824587,-21
-4503640.26990687,25
1576904.17740997,182
19114544.5873366,130
13856254.529413,37
-1327402.65457824,45
-11216274.1423563,24
-4739921.09060451,34
288943.972352215,-28
-653487.676363635,-16
-9228973.94967946,-23
4082718.43133884,100
-73942.3851173523,38
7602185.19737649,-121
-8041878.50501545,-19
-221343.325103936,-81
-9362022.92211124,-48
1148798.66864513,-33
-1713990.8271875,-60
996459.418647359,36
4986522.02152409,30
2043088.72968701,-67
2708126.68048611,-66
-4915297.16242027,-26
-1566549.76049602,-50
-2276199.4006897,50
3101578.33409623,-50
-549822.344035011,17
3758582.18422287,21
-865399.066648721,-45
548413.388651546,9
-2179780.526975,-57
-5119288.23718581,-28
-1396099.93784388,-240
-12604455.3973546,-19
1399578.5046317,-53
-3460727.102241,61
21098652.1776246,54
10519149.2590042,109
10634970.2003831,-87
-13576987.3263841,-21
-10052487.6612103,32
216194.273693399,-40
6840963.42269158,100
8240315.1967417,20
-1645537.15370319,82
1697648.19286195,-40
-5206550.75594055,1
-2557838.6759023,40
-1287259.95646659,25
268969.810133566,4
468394.580459913,48
1535689.24798248,19
-1031748.90892275,44
5620054.84356185,98
980614.546187088,153
10605325.3477441,-66
-9347575.63713345,-30
-4596534.45574501,-50
-11276858.1587792,-107
-7895313.43683119,-131
-1970668.41397213,-209
-6004183.59467642,115
11256507.4213812,55
3441991.88120377,53
8172841.8468163,99
2863254.20902964,79
5810015.75189054,-358
-21345487.2323272,95
3540898.47698986,-24
-7832863.64113509,-151
17445758.7294219,88
-4402804.08056255,-45
1007550.36136819,-16
2914870.06920497,62
-4808663.81329719,96
5057918.51516441,-21
-312164.483808588,62
3241609.97758071,-1
-4086578.43943449,1
1672775.57969795,-68
-3320053.04943831,-13
422127.842075019,123
1044751.35584592,-65
-110599.482565268,117
1678562.86925957,78
631506.678296035,-57
-303487.653789279,-4
-2807498.62667153,-98
-3897711.71153799,22
3619444.07157684,-92
-95950.6235169781,26
467030.090971812,-21
-2397557.25063272,-69
-4912423.24662859,-75
-650159.009825171,16
-1467605.15054105,-119
130680.622524579,57
861642.305282379,63
3597355.49237648,-71
4135037.69253947,-5
-552000.083682118,-3
-1393775.76300043,23
2445002.84305651,-5
75492.1592940254,57
4600977.94504915,135
3857909.47814866,-9
504805.420906161,51
-2408845.05656392,-7
-5403102.43822893,27
573131.249630165,-2
-2977122.21987709,44
1370515.4199433,259
17555747.3714628,-74
-230594.640542108,-64
-3647537.63726644,21
-18219753.1365413,-11
2058618.92788983,-12
1167790.20280861,45
667549.243724052,-76
-1754858.81574391,75
2265309.35211939,57
377700.356620559,-60
425608.196386032,15
-468947.987730068,-72
-5593770.28913578,59
675299.124717159,-21
-920582.247697921,-4
4551660.77740319,12
-250482.458909855,23
1451908.42847351,29
1888951.23771098,61
756014.713534066,95
1238754.26296947,-87
-2175962.0745659,5
-1476241.44827645,-29
-3633298.46207118,-4
-1048983.54809373,3
-638360.723887542,3
618505.26095272,85
12693018.7017497,-19
1000297.86045948,79
2681559.5991324,-51
-11735342.9798361,-4
499297.028984819,-18
-2768481.42369683,116
4787670.45455661,23
1489032.23848022,-15
4998837.30202743,-37
-4824019.32360842,-37
-233618.203320091,17
-5376104.62422026,40
2705922.47843369,-50
-1742051.50936428,-43
-919064.829441245,-60
-6541214.80162006,41
3658413.70705951,-45
-4497737.59052432,-11
3783872.50651789,38
-3641661.41604678,-26
5620403.23278935,-12
-154774.633608508,4
540384.491656492,20
1354024.73349694,26
3563091.72651878,-48
-797026.326019081,32
69442.5710681888,7
-2218405.74881869,-30
-1091612.82847867,39
-630923.101524028,68
5984305.34260713,-17
907284.589382198,6
-5349.31616865411,10
-6101846.89808425,41
7401759.71418549,26
6126817.19509071,-80
-1016628.53253773,13
-7736050.75743084,30
-4804294.73079448,131
17686811.120959,221
7913888.19037592,-34
-6365297.99856098,-48
-15981974.6255644,16
30187267.0722095,-4
9591570.67947615,2
1521740.77632491,62
-36941798.6724325,6
-10121596.3758307,50
2653262.9606608,-64
-4029084.77438967,-156
-2406250.53420706,-16
-4985709.66040826,77
4966905.7457017,-79
7659780.46561666,46
-550036.242675142,16
798717.145227486,-63
-1377817.68693987,-99
-7427202.80520184,19
158222.303917003,12
5520030.84815687,37
12035964.2199424,-37
-4064885.48094893,75
-1661156.41093265,-56
-3826612.50791795,-12
1852208.29956093,41
957538.008373593,50
3184710.38615373,-14
1081167.01516496,36
-2121926.69068211,-18
-2620120.21581223,49
355341.707571425,15
6556502.98543586,20
1857492.02491142,13
